"ColorName","ColorId","ColorHex"
"Inspiração","2001E","#ECE5C2"
"Creme de Baunilha","2002E","#F6EDB6"
"Jasmim-Estrela","2003E","#E9DD90"
"Campestre","2004E","#E8D983"
"Origami","2005E","#E6D67D"
"Bosque","2006E","#D5C24C"
"Creme de Aspargo","2007E","#B19F30"
"Luz de Tulipa","2008E","#F5F0D9"
"Esfera Celeste","2009E","#F8F3CF"
"Creme de Banana","2010E","#F9EFB1"
"Pijama de Algodão","2011E","#FAED99"
"Alegria","2012E","#FCE87A"
"Amarelo Texas","2013E","#FBDF47"
"Zangão","2014E","#F9CE00"
"Luz do Dia","2015E","#F8F5E3"
"Pétala","2016E","#F6F0D3"
"Suflê","2017E","#FBEFB8"
"Margarida Perfumada","2018E","#FEEA98"
"Paisagem de Sol","2019E","#FEE483"
"Tulipa Amarela","2020E","#FFD33C"
"Equador","2021E","#FFBE00"
"Delicada Flor","2022E","#F6F0D6"
"Sorvete de Abacaxi","2023E","#FAEDC3"
"Amarelo Suave","2024E","#FEE8A3"
"Apollo","2025E","#FFE288"
"Raio Solar","2026E","#FFD868"
"Sol Escaldante","2027E","#FFC624"
"Astro Rei","2028E","#FFB200"
"Lua de Papel","2029E","#F6EED4"
"Mingau","2030E","#FBEEC3"
"Broa de Milho","2031E","#FEE8A9"
"Panqueca","2032E","#FDDB86"
"Flocos Crocantes","2033E","#FED36F"
"Sol de Abril","2034E","#F5B937"
"Explosão solar","2035E","#E6A512"
"Despertar Sereno","2036E","#F6EED6"
"Vinho Branco","2037E","#F9EBC2"
"Obra Prima","2038E","#FADFA4"
"Doce Cremoso","2039E","#F9D382"
"Boas Lembranças","2040E","#F5C76A"
"Simplesmente Elegante","2041E","#E7AE41"
"Minério","2042E","#DDA23D"
"Portões do Império","2043E","#F9EBCE"
"Trigo de Ouro","2044E","#F8E4C1"
"Passagem Bíblica","2045E","#F6DAA7"
"Pólen","2046E","#EECA8B"
"Sol do Cairo","2047E","#DDAE60"
"Curry","2048E","#D8A452"
"Mel Egípcio","2049E","#C28E40"
"Pão de Forma","2050E","#FCEFCA"
"Flan","2051E","#FCE9B3"
"Nostalgia","2052E","#FDE3A1"
"Hibisco Amarelo","2053E","#FFD779"
"Pétala de Girassol","2054E","#FFD26E"
"Ensolarado","2055E","#FFB632"
"Lírio Dourado","2056E","#FCA421"
"Enxoval","2057E","#F6EEDC"
"Imaginação","2058E","#FAE6C4"
"Shake de Baunilha","2059E","#FBD9AA"
"Licor de Damasco","2060E","#F6C78E"
"Bouquet","2061E","#F1B978"
"Início do Outono","2062E","#E39A4F"
"Bronze Grego","2063E","#BD7837"
"Cashmere","2064E","#F8EFD5"
"Seda","2065E","#FEEAC4"
"Carotina","2066E","#FFD9A4"
"Bergamota","2067E","#FFCA87"
"Bolo de Laranja","2068E","#FFBB70"
"Gelatina de Tangerina","2069E","#FA9840"
"Citros","2070E","#F48128"
"Creme Hidratante","2071E","#F7EFDE"
"Duna","2072E","#F7E7CE"
"Biscoito Salgado","2073E","#F7D6B2"
"Festival","2074E","#F4C78A"
"Batata da Terra","2075E","#EFB57B"
"Grand Canyon","2076E","#D6844A"
"Pulseira de Cobre","2077E","#A56A49"
"Poesia","2078E","#F7E7D6"
"Blush","2079E","#F7DEC6"
"Pedra do Sol","2080E","#EFC6AD"
"Barro","2081E","#DCAE8C"
"Tributo a Terra","2082E","#CC9C79"
"Moda de Viola","2083E","#BD845A"
"Chá de Canela","2084E","#A56A49"
"Champagne Francês","2085E","#F7E7D6"
"Timidez","2086E","#FFDEC6"
"Flor de Pêssego","2087E","#FFD6B5"
"Cantalupo","2088E","#FFC6A5"
"Creme de Papaia","2089E","#FAAA76"
"Halloween","2090E","#F88856"
"Laranja Rubi","2091E","#F07238"
"Sépala","2092E","#F7E7D6"
"Sopro de Primavera","2093E","#F7DEC6"
"Pêssego Bronzeado","2094E","#F7CEAD"
"Verão Indiano","2095E","#FBBD94"
"Luar Mexicano","2096E","#EE9463"
"Magnólia","2097E","#E78C59"
"Moringa","2098E","#BD6241"
"Bege Puritano","2099E","#F7E7DF"
"Ópera","2100E","#F7DECE"
"Pele Macia","2101E","#EFC6AD"
"Adormecida","2102E","#EEB695"
"Vaso Barroco","2103E","#CE8C63"
"Ferrugem","2104E","#C67A51"
"Vulcão","2105E","#A95942"
"Toque Macio","2106E","#F7EFDE"
"Fragrância de Pêssego","2107E","#F7DED6"
"Pergolado","2108E","#F7D6BD"
"Creme de Laranja","2109E","#F7C3A4"
"Prato Típico","2110E","#FFA988"
"Suco de Acerola","2111E","#F08966"
"Erupção","2112E","#E75930"
"Essência Suave","2113E","#EEEFE5"
"Pêssego Rosado","2114E","#F7DED6"
"Manjar","2115E","#FFD6C6"
"Creme de Pitanga","2116E","#FFB5A5"
"Florescer","2117E","#F7A599"
"Flamingo Exótico","2118E","#F77B6A"
"Egípcia","2119E","#D65A39"
"Bailarina","2120E","#F8EFE7"
"Flores da estação","2121E","#F7DED6"
"Chá de Rosas","2122E","#FBCEC6"
"Magma","2123E","#FFB5A5"
"Dança Flamenca","2124E","#E8B5A5"
"Sempre Bela","2125E","#F57968"
"Garantido","2126E","#DE5242"
"Batom Vibrante","2154E","#D94B41"
"Aventura","2189E","#D3424F"
"Brilho Vermelho","2217E","#BE3F5A"
"Campo de Morangos","2224E","#C0444C"
"Rosa Atrevida","2127E","#F7DED6"
"Astuta","2128E","#F8CDB6"
"Flor de Lapela","2129E","#E8B5A5"
"Rosa Panamá","2130E","#D59687"
"Olaria","2131E","#C87462"
"Tijolo","2132E","#BD6B58"
"Terra Batida","2133E","#A95942"
"Bolo de Tâmara","2134E","#F6E9E3"
"Querubim Rosa","2135E","#F9D3CA"
"Utopia","2136E","#FDC3B7"
"Rosa Salmão","2137E","#F2A59B"
"Tapeçaria","2138E","#E9897D"
"Filme Romântico","2139E","#D87A6E"
"Telha Romana","2140E","#AB5347"
"Pérola Rosa","2141E","#F5E2DB"
"Rosa Nascente","2142E","#EEBEB4"
"Atena","2143E","#E4A5A0"
"Madri","2144E","#CE8177"
"Especiaria Antiga","2145E","#B9605C"
"Terra Vermelha","2146E","#AB584A"
"Tijolo Queimado","2147E","#9A5142"
"Debutante","2148E","#F8E3E0"
"Casinha de Boneca","2149E","#FED6D4"
"Festa de casamento","2150E","#FFC5BF"
"Ramo de Flores","2151E","#FDB3B0"
"Conto de Fadas","2152E","#F69B96"
"Mulher Moderna","2153E","#EB7D70"
"Prunus","2155E","#FEE0E0"
"Linda Flor","2156E","#F7D5D6"
"Chá Inglês","2157E","#F6BBB7"
"Iogurte de Morango","2158E","#F0ACAD"
"Coração","2159E","#DF8E8B"
"Rosa Carmim","2160E","#C46A6C"
"Chocolate com Pimenta","2161E","#A24C4D"
"Beijo do Anjo","2162E","#F5E6E3"
"Água Viva","2163E","#F0D0D3"
"Chapéu da Lady","2164E","#E5C2C0"
"Açúcar e Canela","2165E","#C79490"
"Maquiagem","2166E","#BA867B"
"Festa de Rodeio","2167E","#9E635B"
"Delícia de Chocolate","2168E","#8C5251"
"Xodó da Vovó","2169E","#F7E8E3"
"Laço de Fita","2170E","#F1CED4"
"Sensação","2171E","#E9B1B4"
"Antiguidade","2172E","#D5949A"
"Escultura Barroca","2173E","#C0787C"
"Loja de Antiguidades","2174E","#AD6769"
"Borgonha","2175E","#904C4B"
"Tule Rosa","2176E","#F4E6E5"
"Romântica","2177E","#F3D3D8"
"Rosa Algodão","2178E","#F1BEC5"
"Goiaba Cremosa","2179E","#DD9BA7"
"Capri","2180E","#CA919A"
"Rosa Selvagem","2181E","#B8727A"
"Plumas","2182E","#A1595D"
"Frio Rosa","2183E","#F9E9E9"
"Pó Facial","2184E","#FFDFE7"
"Sapatilha","2185E","#FECFD9"
"Rosa Energia","2186E","#FCB3C6"
"Frutas Vermelhas","2187E","#F098AE"
"Pink","2188E","#E7718B"
"Fina Renda","2190E","#F1E7E5"
"Laço Angelical","2191E","#EADADB"
"Brilho Matutino","2192E","#D8BBBD"
"Meia Calça","2193E","#C09C9C"
"Glacê de Chocolate","2194E","#A17278"
"Casa Grande","2195E","#8B5D60"
"Cabernet","2196E","#72494D"
"Flor de Maio","2197E","#F3DFE0"
"Rosa Vitória","2198E","#E7CED4"
"Modernismo","2199E","#D9B6BC"
"Laço Rosa","2200E","#CFA4AB"
"Flor Rara","2201E","#B9888E"
"Sinfonia","2202E","#926369"
"Charmosa","2203E","#704849"
"Luvas","2204E","#F6EAEC"
"Rosa Bebê","2205E","#F6DDE3"
"Quarto de Menina","2206E","#EECAD6"
"Flor de Lótus","2207E","#DCACBC"
"Rosa Suíça","2208E","#CF9AAA"
"Bourbon","2209E","#B27187"
"Vinho Tinto","2210E","#77444B"
"Primeiro Rubor","2211E","#F9EDED"
"Licor de Cerejas","2212E","#F6DFE7"
"Salto Alto","2213E","#F8CEDC"
"Pantera","2214E","#F1B0CE"
"Clube das Meninas","2215E","#F199BF"
"Gerânio","2216E","#DC6D98"
"Aura Rosa","2218E","#F5EEE6"
"Sachê Aromático","2219E","#FEDEE3"
"Dama","2220E","#F8C3D3"
"Bombom de Cereja","2221E","#F7AFC5"
"Brilho Labial","2222E","#EC7CA4"
"Rosa Lívido","2223E","#DC688B"
"Fita de Cetim","2225E","#F4E9ED"
"Flor Dáhlia","2226E","#F1DCE5"
"Névoa de Orquídea","2227E","#E7C6CF"
"Charme","2228E","#D6ACC0"
"Doce de uva","2229E","#BF92A7"
"Amuleto do Amor","2230E","#9D6E80"
"Eterno","2231E","#654A4F"
"Frescor","2232E","#F2E7E5"
"Primavera Ocidental","2233E","#F1D7E2"
"Goma de Mascar","2234E","#E9C4D6"
"Rosa Clássico","2235E","#CF98B7"
"Ametista Lapidada","2236E","#BB7897"
"Geleia de Amora","2237E","#A46985"
"Ameixa Sutil","2238E","#795267"
"Fina Dama","2239E","#F0E0E1"
"Flor de Acácia","2240E","#DFC7D5"
"Beleza da Rosa","2241E","#DDB9C7"
"Contemporânea","2242E","#C39EB0"
"Violeta Peruana","2243E","#B48AA0"
"Poética","2244E","#8A6076"
"Amor & Amoras","2245E","#59494C"
"Floral","2246E","#EBE6E3"
"Flor-de-Lis","2247E","#DBCAD2"
"Lilás Escuro","2248E","#D8C0D0"
"Trono da Realeza","2249E","#BCA0B6"
"Boneca de pano","2250E","#A1849A"
"Bordô","2251E","#88697B"
"Ameixa Escura","2252E","#594C56"
"Melodia","2253E","#F4E9E7"
"Cromático","2254E","#F2D2DF"
"Pelúcia","2255E","#E9BFD5"
"Querida","2256E","#D6A4C1"
"Rósea","2257E","#BD85AC"
"Melodia da Rosa","2258E","#B77897"
"Néctar de Uva","2259E","#654B56"
"Delicada","2260E","#F4E8EC"
"Sentimental","2261E","#F0D6E1"
"Lenda","2262E","#E5BCDE"
"Amor Perfeito","2263E","#CF9BC9"
"Lilás Selvagem","2264E","#CB90C6"
"Verona","2265E","#B270AD"
"Violeta","2266E","#6D4369"
"Doce Flor","2267E","#F3E5E5"
"Frappé","2268E","#EEDDE5"
"Sorvete de Arando","2269E","#F2CCE5"
"Doce Sonho","2270E","#EBADD6"
"Cupido","2271E","#DA90C3"
"Rainha","2272E","#CF67A6"
"Framboesa","2273E","#B23A6A"
"Matiz Rosa","2274E","#EFE5EE"
"Lírio de Corço","2275E","#E3D0E3"
"Espumone de uva","2276E","#CBB2C8"
"Íris","2277E","#BB9AB9"
"Fábula","2278E","#A27FA0"
"Púrpura","2279E","#916C8E"
"Berinjela Indiana","2280E","#644D61"
"Delicadeza","2281E","#F1E4ED"
"Violeta Suave","2282E","#E6CFE1"
"Sutileza","2283E","#E1C8E5"
"Dia da mulher","2284E","#CAA5CE"
"Cristal Ametista","2285E","#BB96C2"
"Majestade","2286E","#9C70A3"
"Violeta de Metila","2287E","#5F4663"
"Amizade","2288E","#F0EAEC"
"Sonata","2289E","#EAD7EA"
"Névoa Delicada","2290E","#DABFDE"
"Persa","2291E","#C8A2D1"
"Mascarado","2292E","#C19AC9"
"Picolé de Uva","2293E","#A073AE"
"Ibiza","2294E","#6A476F"
"Inocência","2295E","#EDE8EC"
"Lilás de Platina","2296E","#E9DDE7"
"Orquidário","2297E","#D4C1DD"
"Chá de Uva","2298E","#BBA5CB"
"Creme de Ameixa","2299E","#A68AB3"
"Sombra Roxa","2300E","#9274A6"
"Roxo Púrpuro","2301E","#5E4B78"
"Pura Graça","2302E","#EFEDF0"
"Gotas de Alfazema","2303E","#E1D6E7"
"Mistério","2304E","#D2C5E3"
"Olímpia Mágica","2305E","#C3ACD6"
"Lilás Puro","2306E","#AC96C4"
"Místico","2307E","#8E75AF"
"Imperial","2308E","#5C466C"
"Orvalho de Orquídea","2309E","#EDE7E9"
"Pétala Suave","2310E","#E4DBE0"
"Neblina de Lavanda","2311E","#D4C6D3"
"Magistral","2312E","#BFAEC1"
"Violeta Egípcia","2313E","#92809A"
"Creme de Amora","2314E","#7B6A7D"
"Cavaleiro Negro","2315E","#46434A"
"Suave Orquídea","2316E","#EBE9EA"
"Violeta Canadense","2317E","#E0DEE1"
"Manto de Pétalas","2318E","#CCC9D2"
"Névoa Mágica","2319E","#AFABB9"
"Poetisa","2320E","#898091"
"Torta de Ameixa","2321E","#746B7E"
"Vinícola","2322E","#5B545B"
"Ingênua","2323E","#E3E2EA"
"Violeta Doce","2324E","#D3D2E4"
"Semente de Orquídea","2325E","#C4C1DC"
"Holambra","2326E","#ACA4D7"
"Doce Violeta","2327E","#8F85BA"
"Plumagem","2328E","#7E75B8"
"Geleia de Uva","2329E","#4B4970"
"Nuvem de Algodão","2330E","#E5E4EA"
"Dama Perfumada","2331E","#D7D6E4"
"Esplendor","2332E","#C3C1D7"
"Folha de Seda","2333E","#AFACCB"
"Violeta Verbena","2334E","#8486AC"
"Íris Selvagem","2335E","#6F7494"
"Sonata Roxo","2336E","#5A5776"
"Estrada da Memória","2337E","#E2E2E4"
"Fragrância de Outono","2338E","#D9DDE9"
"Brilho de Estrela","2339E","#C5CBE5"
"Lavanda Doce","2340E","#ACAFD8"
"Violeta Aveludada","2341E","#9899D1"
"Província Escura","2342E","#6D70B5"
"Majestoso","2343E","#494B74"
"Bolinha de sabão","2344E","#F4F4F2"
"Suave Claridade","2345E","#DFE1ED"
"Floral Seco","2346E","#C2C8E2"
"Flor de Lavanda","2347E","#ADB3D7"
"Campo de Alfazema","2348E","#7C8BC4"
"Preciosa","2349E","#6A75B3"
"Hipnótico","2350E","#474878"
"Foz do Nilo","2351E","#DFE0E2"
"Aspen","2352E","#C9CFDF"
"Brisa de Outono","2353E","#B4BAD4"
"Oráculo","2354E","#939CBB"
"Rio de Planície","2355E","#72819E"
"Flor Exótica","2356E","#667093"
"Íris Intenso","2357E","#4D4F75"
"Céu Claro","2358E","#E9EAEE"
"Orvalho Cintilante","2359E","#D2D7EB"
"Prisma Brilhante","2360E","#BDC8E6"
"Noite Tranquila","2361E","#A6B5DE"
"Olimpo","2362E","#859BD5"
"Voo de Columbina","2363E","#6072B0"
"Senhor do Tempo","2364E","#434B70"
"Cantiga","2365E","#E6ECEC"
"Orfeu","2366E","#D2DAE5"
"Lagoa Azul","2367E","#B9CDE8"
"Horizonte Distante","2368E","#9BB3E3"
"Reino do Príncipe","2369E","#83A0DA"
"Império","2370E","#5A7BBE"
"Marinha Profunda","2371E","#3D4D81"
"Lago Cristalino","2372E","#E1EBEC"
"Brilho da Lua","2373E","#D1DDE9"
"Brisa Azul","2374E","#A9C3E4"
"Joia Rara","2375E","#8CB1DE"
"Reflexo do Lago","2376E","#729CCE"
"Azul Safira","2377E","#4373B3"
"Capitão","2378E","#404C7C"
"Amanhecer de Inverno","2379E","#E4E8E9"
"Azul Bebê","2380E","#C8D9EB"
"Olhar Sonolento","2381E","#B1C6D7"
"Lendário","2382E","#8CA6C7"
"Mosaico","2383E","#6F8FB5"
"Sete Mares","2384E","#59799F"
"Céu Estrelado","2385E","#3C4C66"
"Brisa Sutil","2386E","#E9EDEC"
"Geleira","2387E","#CFDDE8"
"Mar do Caribe","2388E","#AFCBE3"
"Espelho do Céu","2389E","#86A8D5"
"Crista da Onda","2390E","#5F91C6"
"Energia Cósmica","2391E","#4C79B4"
"Meia-Noite","2392E","#344E73"
"Gotas de Ciano","2393E","#DCEBF0"
"Azul Egeu","2394E","#CDE3F0"
"Costa do Sauipe","2395E","#ACCDEC"
"Turquesa","2396E","#8CB3DE"
"Azzurra","2397E","#4986C7"
"Caprichoso","2398E","#427CBC"
"Olímpico","2399E","#305790"
"Poeira Estelar","2400E","#ECEDE8"
"Pó de Cristal","2401E","#CCDEEA"
"Horizonte","2402E","#AFCDE7"
"Enseada","2403E","#8BB4D4"
"Estádio","2404E","#568FC4"
"Trovão","2405E","#427BB2"
"Mergulho Profundo","2406E","#374067"
"Azul Soneto","2407E","#E7EFF1"
"Florada","2408E","#C9E3F0"
"Mito","2409E","#A8D0E9"
"Rhodes","2410E","#69B0E8"
"Arara Azul","2411E","#3398CE"
"Arquipélago","2412E","#2A82C1"
"Carnaval","2413E","#206AA9"
"Cascata de Gelo","2414E","#C7DADE"
"Azul Marquês","2415E","#BEDBEB"
"Queda de Rio","2416E","#9CC6DE"
"Dia Chuvoso","2417E","#84BBDA"
"Lago Espelhado","2418E","#66A6C9"
"Telha de Mosaico","2419E","#2D88B7"
"Índigo","2420E","#3C4C63"
"Nevasca","2421E","#CEDCDD"
"Calmaria","2422E","#C0D2DE"
"Flor Gêmea","2423E","#A4BECD"
"Sonolência","2424E","#82A1B3"
"Entardecer","2425E","#5A7E94"
"Sono Profundo","2426E","#4E7386"
"Mar Revolto","2427E","#3F4953"
"Adorável Amanhecer","2428E","#E1EAE9"
"Aquarela","2429E","#C0DCEA"
"Cintilante","2430E","#A4C9E4"
"Jardim da Glória","2431E","#79AAC8"
"Sonho do Marinheiro","2432E","#4C90B3"
"Cheiro de Jasmim","2433E","#376F92"
"Chique","2434E","#175878"
"Lealdade","2435E","#E0EAE9"
"Angelical","2436E","#C5E1EC"
"Rica Fonte","2437E","#AADBE9"
"Piscina Olímpica","2438E","#6DC0E0"
"Correnteza","2439E","#3AA5C5"
"Caminho do Mar","2440E","#0093C2"
"Perseu","2441E","#275275"
"Topo da Montanha","2442E","#DFE8E5"
"Castelo de Gelo","2443E","#C6D9DD"
"Esperança","2444E","#ABC6CF"
"Costeira","2445E","#80A8B2"
"Neblina da Manhã","2446E","#628895"
"Joia do Nilo","2447E","#4D7982"
"Força Viking","2448E","#394E53"
"Lágrima","2449E","#E6F0EF"
"Tempo Aberto","2450E","#B6D6E1"
"Brisa de Primavera","2451E","#93C7D2"
"Arrecife","2452E","#7EB0BB"
"Folhas de Salgueiro","2453E","#4A98A2"
"Peixe-Beta","2454E","#418091"
"Península","2455E","#245F65"
"Lírico","2456E","#D0EAE7"
"Passeio de Barco","2457E","#BCE3E8"
"Vale das Estrelas","2458E","#87CFDB"
"Brilho Intenso","2459E","#5AC0CF"
"Raio Cósmico","2460E","#1EA5B9"
"Pedra Preciosa","2461E","#009BB1"
"Céu de Danúbio","2462E","#006C80"
"Chuvisco","2463E","#DDECE7"
"Simplicidade","2464E","#C2E2DF"
"Aquário","2465E","#9DCED5"
"Seda da China","2466E","#6FB1BD"
"Mariner","2467E","#4A96A6"
"Brilho Esmeralda","2468E","#358390"
"Bolinha de Gude","2469E","#1C5E6E"
"Serenidade","2470E","#E1F2E8"
"Água de Cristal","2471E","#C9E8EA"
"Rocha Ígnea","2472E","#9BDDDC"
"Praia de Bora-Bora","2473E","#7ED4D5"
"Véu de Jade","2474E","#4BC1C5"
"Cruzeiro Oceânico","2475E","#00A4A1"
"Sabor de Menta","2476E","#007775"
"Brisa do Mar","2477E","#D2F1E9"
"Verde Chá","2478E","#BBE8E3"
"Energizante","2479E","#91DCD7"
"Dança Envolvente","2480E","#59C7C4"
"Mar Jamaicano","2481E","#14B5B0"
"Verde Caribe","2482E","#02A29A"
"Ilha de Marajó","2483E","#1C6260"
"Cristal Branco","2484E","#E3E6DD"
"Mata Sinuosa","2485E","#BFDCD7"
"Topo do Pinheiro","2486E","#B3D3D0"
"Pinho do Campo","2487E","#90B7B6"
"Bálsamo","2488E","#64938D"
"Soldado","2489E","#577E7D"
"Odisseia","2490E","#445D62"
"Água Bela","2491E","#D5F1E5"
"Essência","2492E","#B9E2DC"
"Licor de Hortelã","2493E","#A8DBD6"
"Doce de Menta","2494E","#83C6BF"
"Prazer da Natureza","2495E","#66B5AF"
"Aspargo","2496E","#379388"
"Bandeira","2497E","#07666A"
"Banho de Piscina","2498E","#E1F1EE"
"Hortelã Refrescante","2499E","#CAEDE7"
"Verde Água","2500E","#ACEADD"
"Fotossíntese","2501E","#74CFC6"
"Campo dos Sonhos","2502E","#26BFAB"
"Sereia","2503E","#00B194"
"Vegetariano","2504E","#007863"
"Raspas de Coco","2505E","#EAF1EA"
"Saída de Praia","2506E","#D2ECE3"
"Frescor da Floresta","2507E","#B8E2D8"
"Piscina Verde","2508E","#99D1C8"
"Pedra Jade","2509E","#3E9487"
"Óleo de Citronela","2510E","#429384"
"Folha de Laranjeira","2511E","#1D665B"
"Orvalho na Mata","2512E","#D8ECE0"
"Jardim Secreto","2513E","#C6EADC"
"Antídoto","2514E","#B7E6D4"
"Broto de Bambu","2515E","#8FD8BB"
"Sussurro","2516E","#3DC293"
"Duende","2517E","#07AE83"
"Floresta Amazônica","2518E","#0F7351"
"Cidreira","2519E","#E6EBE4"
"Mousse de Limão","2520E","#C5E5D8"
"Tempero Suave","2521E","#B7D9CB"
"Piquenique no Campo","2522E","#8EC3AF"
"Passeio no Parque","2523E","#73A695"
"Floresta de Esmeralda","2524E","#599981"
"Palmeira Imperial","2525E","#3A5D56"
"Prosperidade","2526E","#E3F0DF"
"Sombra da Floresta","2527E","#C2D8CC"
"Sais de Banho","2528E","#B1CFC5"
"Outono em Londres","2529E","#9BBCB1"
"Patê de Azeitona","2530E","#759389"
"Papel Crepom","2531E","#5F8173"
"Verde Caçador","2532E","#47594D"
"Reflexão no Parque","2533E","#DAF1E1"
"Verde Guache","2534E","#C9EAD7"
"Casa no Sítio","2535E","#B0E3C4"
"Jardim Oriental","2536E","#7CCB9C"
"Bala de Menta","2537E","#6ABC8B"
"Serpentina","2538E","#54AA79"
"Gramado da Montanha","2539E","#22754B"
"Verde Amanhecer","2540E","#E7F1E6"
"Sorvete de Menta","2541E","#D0F1D4"
"Paraíso Tropical","2542E","#B8E5BA"
"Empolgante","2543E","#A5DBAA"
"Primavera Irlandesa","2544E","#8ED092"
"Kiwi Maduro","2545E","#5BB96B"
"Bambu Chinês","2546E","#2D9246"
"Vinho de Uva Verde","2547E","#EEF4E8"
"Gotas de Primavera","2548E","#CFE7CF"
"Aroma do Interior","2549E","#B7DAB9"
"Anfíbio","2550E","#9AC79C"
"Cacto do Sertão","2551E","#7AB37E"
"Jardim de Ervas","2552E","#69A572"
"Folhas de Rúcula","2553E","#386F50"
"Salada de Pepino","2554E","#E0ECDE"
"Bebida Refrescante","2555E","#CDE0CA"
"Ervas Especiais","2556E","#BAD4B7"
"Noz de Pistache","2557E","#8CAF8F"
"Olhos Verdes","2558E","#82A682"
"Árvore de Natal","2559E","#6A946E"
"Exército","2560E","#547153"
"Limonada Suíça","2561E","#ECEFE4"
"Verão Verde","2562E","#E4F0DA"
"Picolé de Limão","2563E","#D5EFCA"
"Mix de Folhas","2564E","#BDE6AC"
"Pássaro Verde","2565E","#96D58E"
"Suco de Clorofila","2566E","#6BBF67"
"Campo de Futebol","2567E","#339A3F"
"Água de Coco","2568E","#E8F0E5"
"Espuma da Maré","2569E","#D5DDD0"
"Lírio Verde","2570E","#BECBB9"
"Azeite Português","2571E","#A5B399"
"Selvagem","2572E","#879B80"
"Folha de Louro","2573E","#70896C"
"Pimenta Verde","2574E","#517051"
"Toque de Limão","2575E","#F2F2E8"
"Caipirinha","2576E","#D8E8C4"
"Aroma de Alecrim","2577E","#BED9A6"
"Cheiro Verde","2578E","#AED191"
"Grama Fresca","2579E","#97BE6F"
"Pico da Colina","2580E","#81AD5E"
"Clorofila","2581E","#529246"
"Papel de carta","2582E","#EEEEE6"
"Uva Verde","2583E","#E9F4D4"
"Ecológica","2584E","#D4EBB3"
"Lima","2585E","#C4E8A0"
"Botânica","2586E","#ACD883"
"Vitória Régia","2587E","#88C85A"
"Brasão Irlandês","2588E","#66B238"
"Vista da Montanha","2589E","#ECEFDC"
"Verde Oliva","2590E","#E7EBCA"
"Suco de Limão","2591E","#E1E8B2"
"Alface","2592E","#D6E7A3"
"Alho Poró","2593E","#C3E285"
"Marca Texto","2594E","#A6CF55"
"Jardim Botânico","2595E","#85B73E"
"Manhã em São Paulo","2596E","#E7E9DE"
"Dias de Chuva","2597E","#D3D6CB"
"Férias de Julho","2598E","#BEC1B6"
"Urano","2599E","#9EA293"
"Floresta Escura","2600E","#848877"
"Verde Musgo","2601E","#717A69"
"Militar","2602E","#566757"
"Chá Branco","2603E","#E3E5D7"
"Silvestre","2604E","#D8DCCD"
"Fina Seda","2605E","#C4C9B3"
"Erva-Mate","2606E","#ACB298"
"Orégano","2607E","#91977B"
"Cacto Imperial","2608E","#7A8469"
"Parede de Jardim","2609E","#5F644E"
"Perfume de Ervas","2610E","#EAEADE"
"Luminância","2611E","#DBE5CD"
"Vida no Campo","2612E","#C4D2B1"
"Caule","2613E","#AAB894"
"Doce de Mamão","2614E","#91A079"
"Selva","2615E","#83946A"
"Lagoa de Musgo","2616E","#677551"
"Uva Branca","2617E","#EFF0DE"
"Flora","2618E","#E7ECD6"
"Soberano","2619E","#D8E7C0"
"Batida de Kiwi","2620E","#C1D69B"
"Aloe Vera","2621E","#A0BA79"
"Guacamole","2622E","#92AE64"
"Plantas Medicinais","2623E","#6E8C4C"
"Refresco Natural","2624E","#EEF0DA"
"Cidra","2625E","#E8EAC5"
"Verdura","2626E","#DAE9AE"
"Creme de Ervilhas","2627E","#D0DC92"
"Gramado","2628E","#C3D088"
"Casca do Limão","2629E","#98B155"
"Quadra de Tênis","2630E","#75983E"
"Praia de Angra","2631E","#F0F2DA"
"Colônia de Férias","2632E","#ECF2CC"
"Chuchu","2633E","#E0E9B2"
"Mágica do Elfo","2634E","#D8E59D"
"Macieira","2635E","#C5D980"
"Vale Sinuoso","2636E","#A6C659"
"Energético","2637E","#7FA840"
"Clareira","2638E","#EDF4CB"
"Limoeiro","2639E","#EEF4C4"
"Fruta Fresca","2640E","#E8F1B2"
"Bola de Tênis","2641E","#D8E78A"
"Cítrico","2642E","#D0E181"
"Vagalume","2643E","#BAD064"
"Trevo da Sorte","2644E","#87B93E"
"Garapa","2645E","#EAEADE"
"Rio Verde","2646E","#E1E3CB"
"Píton","2647E","#D0D4AF"
"Cana de Açúcar","2648E","#B7BD91"
"Folhas de Chá","2649E","#9DA373"
"Oliva Grega","2650E","#8B9165"
"Mata Fechada","2651E","#666C48"
"Toque de Maciez","2652E","#EEF0DB"
"Energia","2653E","#E3E7C2"
"Sustentabilidade","2654E","#E3E1BA"
"Iguana","2655E","#CFD190"
"Jardim do Éden","2656E","#B1B568"
"Folha de Figo","2657E","#A8AC5F"
"Musgo","2658E","#8C8F4A"
"Goiaba Branca","2659E","#F0F0E4"
"Verde Macio","2660E","#EDE9CE"
"Jardim Suspenso","2661E","#DFDBC0"
"Pantanal","2662E","#BFB790"
"Vilarejo","2663E","#A69E7A"
"Alcachofra","2664E","#989061"
"Plantação de Mate","2665E","#726A53"
"Papiro","2666E","#F1EEDB"
"Camomila","2667E","#F0ECBF"
"Grama Nova","2668E","#EBE2A1"
"Capim Santo","2669E","#E2DB8D"
"Canário da Terra","2670E","#D7D07F"
"Neon","2671E","#C6BE6D"
"Oliveira","2672E","#948741"
"Massa de Bolo","2673E","#F0EDDA"
"Névoa do Mar","2674E","#E5DDC8"
"Verde Neutro","2675E","#D3CCAF"
"Caçador","2676E","#B3AC8F"
"Seiva","2677E","#9A9472"
"Floreira","2678E","#888365"
"Fibra","2679E","#5F6052"
"Nascente","2680E","#F0EDDA"
"Crochê","2681E","#DDD2BC"
"Verdes Vales","2682E","#CDBF98"
"Lentilha","2683E","#BEB187"
"Bicho de Folha","2684E","#A29A6B"
"Folha Caída","2685E","#9A8E64"
"Aliche","2686E","#7C7153"
"Baunilha Francesa","2687E","#F0EDDA"
"Máscara","2688E","#EEE5C4"
"Linho Antigo","2689E","#D9D0A7"
"Chá de Cidreira","2690E","#CABD93"
"Caldo Verde","2691E","#BBA66F"
"Cigarra","2692E","#AA9B64"
"Camponês","2693E","#746F49"
"Molho Branco","2694E","#F1F0DB"
"Palavra Doce","2695E","#F6EDCC"
"Manteiga de Cacau","2696E","#F2E6AC"
"Toque de Midas","2697E","#E8D590"
"Mostarda Alemã","2698E","#DAC26A"
"Pó de Ouro","2699E","#CCB650"
"Campo de Oliva","2700E","#A79243"
"Sorvete Cremoso","2701E","#F2EDD9"
"Doce de Limão","2702E","#F6EDCC"
"Bala de Goma","2703E","#F0E3B9"
"Soja","2704E","#E5D099"
"Grão de Bico","2705E","#DFC18D"
"Novelo de Lã","2706E","#C9AC66"
"Mostarda Escura","2707E","#9A8448"
"Semente de Abóbora","2708E","#F0EFD3"
"Porcelana","2709E","#EDDFBC"
"Trigo","2710E","#DFCDA5"
"Linhaça Branca","2711E","#D5C091"
"Sombra Dourada","2712E","#BEA374"
"Corrida do Ouro","2713E","#AF9562"
"Cipó","2714E","#8D7D4C"
"Raiar do Dia","2715E","#F0EEE2"
"Areia Indiana","2716E","#E4DEC8"
"Biscoito de Açúcar","2717E","#D2C2A8"
"Areia Marroquina","2718E","#BFAE90"
"Quiosque","2719E","#A59573"
"Sertões","2720E","#948163"
"Folhas Secas","2721E","#786753"
"Espumante","2722E","#F3EEDA"
"Preguiça da Manhã","2723E","#EFE9C9"
"Flocos de Aveia","2724E","#E6D8B3"
"Litoral","2725E","#DCCAA2"
"Camelo","2726E","#C1A274"
"Anos Dourados","2727E","#B19565"
"Casa na Árvore","2728E","#907957"
"Parafina","2729E","#EEEBDC"
"Leite de Aveia","2730E","#EFE7D4"
"Inca","2731E","#E3D3B2"
"Pão com Gergelim","2732E","#D2C3A2"
"Fazenda","2733E","#C4B28E"
"Caminhada","2734E","#AC9061"
"Verde Camuflado","2735E","#867450"
"Recheio de Bolo","2736E","#F2EFDE"
"Óleo de Amêndoa","2737E","#ECD7C2"
"Sombra na Praia","2738E","#D3C2A8"
"Café com Leite","2739E","#C0A98A"
"Urso de Pelúcia","2740E","#AC9375"
"Cadeira de Balanço","2741E","#9E8161"
"Raposa","2742E","#806B50"
"Camisa de Seda","2743E","#F1EDE4"
"Areia do Saara","2744E","#F2E1CF"
"Pirâmide do Egito","2745E","#E1CDB4"
"Caramelo","2746E","#CAAD8D"
"Coco Queimado","2747E","#B99670"
"Cesto de Vime","2748E","#A68562"
"Bala Caramelada","2749E","#87694D"
"Celulose","2750E","#F2ECDC"
"Iogurte de Pêssego","2751E","#F3E3CA"
"Biscoito de Polvilho","2752E","#EED6BA"
"Licor de Chocolate","2753E","#D7B391"
"Savana","2754E","#C79977"
"Choconhaque","2755E","#B4875E"
"Tamarindo","2756E","#9F7952"
"Miragem no Deserto","2757E","#EFEDDE"
"Creme de Amêndoa","2758E","#EBD5BD"
"Churros Recheado","2759E","#D7BDA4"
"Chá com Leite","2760E","#C7A889"
"Açúcar Mascavo","2761E","#B9916E"
"Pele Morena","2762E","#A87D5D"
"Canela","2763E","#88694D"
"Beijinho Doce","2764E","#EEE7D7"
"Pudim de Leite","2765E","#E4D4BD"
"Quebra Nozes","2766E","#DAC5B0"
"Creme Expresso","2767E","#B79D86"
"Cappuccino","2768E","#A5856C"
"Cajueiro","2769E","#947560"
"Tigre de Java","2770E","#77624D"
"Rubor de Damasco","2771E","#F4EBDC"
"Bala de Leite","2772E","#F0DFCF"
"Asteca","2773E","#E0CBB6"
"Camafeu","2774E","#CCB19C"
"Papel Craft","2775E","#AF8D71"
"Havana","2776E","#9E7B65"
"Rústica","2777E","#7A644F"
"Leite de Cabra","2778E","#F1F1E9"
"Palheiro","2779E","#ECD9CA"
"Raposa do Campo","2780E","#DEBFAB"
"Mocassim","2781E","#C6A48B"
"Juba de Leão","2782E","#AE8A72"
"Castanha do Pará","2783E","#9D785D"
"Mesa Rústica","2784E","#7E614F"
"Chapéu de Palha","2785E","#EBDECE"
"Torrada","2786E","#EDD3BC"
"Castelo de Areia","2787E","#E6C4A9"
"Cobertura de Caramelo","2788E","#D1A483"
"Rapadura","2789E","#BD8D69"
"Doce de Leite","2790E","#AF7D5C"
"Olhos Castanhos","2791E","#8D6A56"
"Manjar dos Deuses","2792E","#EFE5DB"
"Toalha de Mesa","2793E","#E1CCBB"
"Colcha de Linho","2794E","#DEC3B0"
"Tarde de Outono","2795E","#C6A68F"
"Mousse","2796E","#A17B68"
"Esquilo","2797E","#957159"
"Charuto Cubano","2798E","#8B6250"
"Macadâmia","2799E","#F4E9E3"
"Biscoito Champanhe","2800E","#F3D8CD"
"Granola","2801E","#CBA286"
"Arroz Integral","2802E","#CDA186"
"Lenhador","2803E","#B98770"
"Avelã","2804E","#A3775E"
"Obelisco","2805E","#926852"
"Toque de Pele","2806E","#F3E5DC"
"Rosa Bronzeada","2807E","#F0D2C7"
"Deserto do Atacama","2808E","#E7BCAB"
"Folha de Outono","2809E","#D29D8B"
"Vaso de Barro","2810E","#B68068"
"Canela em Pó","2811E","#AA6C57"
"Pau Brasil","2812E","#925D4B"
"Aconchegante","2813E","#F5D5CA"
"Território","2814E","#E2BBAC"
"Terraço","2815E","#D7AD9F"
"Ferrugem de Cedro","2816E","#C89385"
"Melaço","2817E","#A97B64"
"Creme de Avelã","2818E","#9F675A"
"Chocolate Derretido","2819E","#8C5948"
"Base Facial","2820E","#ECD3CC"
"Rosa da Manhã","2821E","#E3BBAF"
"Tradição","2822E","#D7B1A8"
"Coliseu","2823E","#BD8B80"
"Centeio Integral","2824E","#A8705F"
"Jangada","2825E","#966556"
"Ovo de Páscoa","2826E","#83574A"
"Dinastia","2827E","#ECE3DE"
"Pedra São Tomé","2828E","#DEC5BE"
"Deserto do Saara","2829E","#C9B5AC"
"Flan de Chocolate","2830E","#B2968A"
"Trufa Recheada","2831E","#997E6D"
"Pássaro Marrom","2832E","#89685F"
"Grão de Café","2833E","#6F594C"
"Linho","2834E","#ECE3DE"
"Areia Movediça","2835E","#D8CBC3"
"Canyon","2836E","#CBBCB5"
"Arenoso","2837E","#A99385"
"Lareira","2838E","#927770"
"Marrom Castanha","2839E","#7E665A"
"Cacau","2840E","#5E4D45"
"Porcelana Fina","2841E","#F3EAE3"
"Praia Tropical","2842E","#E6D3CC"
"Vênus de Milo","2843E","#D9C5BE"
"Trilha","2844E","#BE9D94"
"Cupcake","2845E","#A07A6D"
"Artesanal","2846E","#8B695D"
"Chocolate ao Leite","2847E","#6F584A"
"Meditação","2848E","#EEE7DF"
"Creme de Bombom","2849E","#E0C8C6"
"Arena","2850E","#CFB2AC"
"Falésia","2851E","#C1A097"
"Muralhas","2852E","#876661"
"Cão de Caça","2853E","#7B5F54"
"Brownie","2854E","#685143"
"Pó de Arroz","2855E","#ECE7E1"
"Leite Maltado","2856E","#D9CAC7"
"Obra de Arte","2857E","#C9BAB7"
"Templos do Tibet","2858E","#B6A1A0"
"Arte da Terra","2859E","#896B6B"
"Chocolate Quente","2860E","#775D5C"
"Especialidade Suíça","2861E","#5F4C48"
"Calcário","2862E","#E8E0DD"
"Enevoado","2863E","#E3DBD8"
"Rochoso","2864E","#D6CACC"
"Escultura de Areia","2865E","#B6AAAC"
"Enseada Pedregosa","2866E","#9A8E90"
"Terra Tundra","2867E","#706060"
"Café Torrado","2868E","#554A48"
"Marshmallow","2869E","#E7E2DE"
"Geada","2870E","#D7D6D4"
"Sinal de Fumaça","2871E","#BBB9BA"
"Cinzas Vulcânicas","2872E","#979193"
"Cordel","2873E","#787677"
"Anoitecer","2874E","#646263"
"Chumbo","2875E","#4A4849"
"Inverno Místico","2876E","#ECEDE7"
"Neblina Intensa","2877E","#D4CBCC"
"Cavaleiro Medieval","2878E","#B9B1AE"
"Nevoeiro","2879E","#9B908A"
"Clássico","2880E","#7F7872"
"Solo Sagrado","2881E","#6B6263"
"Portão do Castelo","2882E","#514C48"
"Névoa Taupe","2883E","#E8E1DB"
"Suavidade","2884E","#E2D7D1"
"Relva Seca","2885E","#CCBFB9"
"Cratera Lunar","2886E","#AA9793"
"Pinha","2887E","#897870"
"Tronco de Árvore","2888E","#7A6C63"
"Café Parisiense","2889E","#504541"
"Arroz Doce","2890E","#ECE1DB"
"Fio de Seda","2891E","#DDD3C9"
"Nó","2892E","#CFBDAF"
"João-de-Barro","2893E","#B19E8F"
"Raiz","2894E","#998473"
"Urso Pardo","2895E","#887264"
"Terra Rica","2896E","#675549"
"Cogumelo","2897E","#F2EBE3"
"Boneca de Porcelana","2898E","#D6CFC5"
"Tempestade de Areia","2899E","#C2B5A5"
"Arcádia","2900E","#AFA291"
"Colheita de Azeitonas","2901E","#A19181"
"Trilha Empoeirada","2902E","#837163"
"Erva Seca","2903E","#665951"
"Asa do Anjo","2904E","#F3EEE8"
"Grão de Quinoa","2905E","#DFD7CA"
"Oca","2906E","#C8C0B3"
"Forte","2907E","#BAAE9E"
"Centeio","2908E","#8D826C"
"Noz de Farelo","2909E","#7E735F"
"Pardo Suíço","2910E","#63574B"
"Urso Polar","2911E","#F2F2EA"
"Névoa de Mármore","2912E","#E4E0D7"
"Concha do Mar","2913E","#D9CFC5"
"Fio Persa","2914E","#BDB3A7"
"Nó de Marinheiro","2915E","#878175"
"Caverna Perdida","2916E","#767064"
"Ilha de Páscoa","2917E","#655B51"
"Creme Aerado","2918E","#EEE7DF"
"Dunas do Ceará","2919E","#DAD6CD"
"Sombra de Rapina","2920E","#C6C0B4"
"Cerâmica Grega","2921E","#A39F93"
"Cáqui Escuro","2922E","#7D796D"
"Arte Rústica","2923E","#7B746A"
"Pedra de Lava","2924E","#58544B"
"Pão Sírio","2925E","#E8E8E0"
"Cevada","2926E","#D8D6CA"
"Terra da Garoa","2927E","#C5C3B4"
"Colina","2928E","#ABA899"
"Tartaruga Marinha","2929E","#8C8D7D"
"Acácia","2930E","#7C7D6B"
"Musgo Escuro","2931E","#5B5D4F"
"Verde Espuma","2932E","#E6E9E2"
"Creme de Jade","2933E","#D6DBD4"
"Copa da Floresta","2934E","#BFC9BE"
"Parque Iguaçu","2935E","#96A296"
"Chá da Tarde","2936E","#7A867A"
"Lagarto","2937E","#6A7469"
"Eucalipto","2938E","#515D53"
"Menta","2939E","#EBEEE7"
"Atmosfera","2940E","#CFD5D3"
"Cavaleiro","2941E","#B4BDBC"
"Sálvia Doce","2942E","#96A19D"
"Golfo","2943E","#7D8681"
"Selva Escura","2944E","#68736F"
"Bosque Irlandês","2945E","#4A4947"
"Recordações","2946E","#E3E4DE"
"Ciclone","2947E","#D3D3D3"
"Torre","2948E","#BBBDBC"
"Pedra Brita","2949E","#9B9C9E"
"Muralha de Concreto","2950E","#828483"
"Abismo","2951E","#67706F"
"Noite","2952E","#434446"
"Branco Rústico","2953E","#F0F0E8"
"Lua e Estrelas","2954E","#DBD8D3"
"Silhueta","2955E","#C2C2C0"
"Monte Rochoso","2956E","#A5A4A2"
"Deslize de Pedras","2957E","#80807E"
"Noturno","2958E","#6B6B69"
"Campo Escuro","2959E","#4B4B4B"
"Nata","2960E","#E6E8E7"
"Luzes da Cidade","2961E","#D7D9D8"
"Noite de Prata","2962E","#B9C2C1"
"Céu de Atlantis","2963E","#939CA1"
"Titânio","2964E","#777F82"
"Selva de Pedra","2965E","#687176"
"Nanquim","2966E","#41464A"
"Flocos de neve","2967E","#E6EBE7"
"Sombra Nebulosa","2968E","#D7E0DF"
"Poeira de Sonho","2969E","#C2D0D1"
"Pedrisco","2970E","#98A7AE"
"Tom de Gris","2971E","#6D8589"
"Densa Fumaça","2972E","#5A6E75"
"Colinas Distantes","2973E","#485254"
"Canção de Ninar","2974E","#EBEDEC"
"Mirante","2975E","#DADEDD"
"Meditar","2976E","#ADBAC3"
"Pedra Vulcânica","2977E","#8D9BA6"
"Galáxia","2978E","#6D7D8A"
"Céu Melancólico","2979E","#5D6B76"
"Azul Tempestuoso","2980E","#3D4550"
"Céu de Ícaro","2981E","#DADFE2"
"Constelação","2982E","#C1CFD8"
"Onda do Oceano","2983E","#A1B4C3"
"Mágico Azul","2984E","#8BA0B5"
"Tempestade","2985E","#678094"
"Azul Campestre","2986E","#56728A"
"Céu da Meia Noite","2987E","#3E4A5A"
"Gotículas","2988E","#E1E3E2"
"Algodão Doce","2989E","#CED6D9"
"Mundo Encantado","2990E","#ADBCCF"
"Impressionismo","2991E","#8E9EB5"
"Balanço do Mar","2992E","#6F809C"
"Rapsódia Azul","2993E","#5E6F81"
"Marinho","2994E","#464B5F"
"Concentração","2995E","#E1E3E2"
"Meia Lua","2996E","#CFD4DA"
"Noite Nebulosa","2997E","#B4BAC8"
"Riacho da Fonte","2998E","#959CAF"
"Fantasia","2999E","#797F99"
"Barba Azul","3000E","#636B80"
"Tatuagem de Henna","3001E","#262A39"
"Luva Branca","3002E","#E9EDE2"
"Sino de Gelo","3003E","#BDBEC0"
"Chuva de Prata","3004E","#9A9DA3"
"Sons do Mar","3005E","#8D9098"
"Pólvora","3006E","#666C77"
"Mina de Carvão","3007E","#484D5D"
"Eclipse","3008E","#282529"
